Unnamed: 0,SubjectID,HasOutput,HasHTML,NoErrorsToReport,HasDwiDir,HasFmapDir,HasAnatDir,ProducedPreprocessedDWIs,ProducedPreprocesedANATs,RanT1wSpatialNormalization,AllFmapsHaveIntendedFors,NoMissingDwiPhaseEncodingDirection,NoMissingFmapPhaseEncodingDirection,RuntimeErrorDescription,OSErrorDescription,CommandErrorDescription,HadScratchSpace,HadRAMSpace,HadDiskSpace,FinishedSuccessfully,HasErrorFile,ValueError,ConnectionOpenFailError,Broken Pipe,ProducedPreprocessedANATs
0,sub-102041,True,True,True,,,,True,True,True,,,,No Runtime Error,No OS Error,No Command Error,True,True,True,True,True,False,False,False,
0,sub-103679,False,False,False,,,,False,False,False,,,,No Runtime Error,No OS Error,"CommandError: 'bash ./code/qsiprep_zip.sh sub-103679' failed with exitcode 1 under /scratch/grmpy/SGE_2523401/job-2523401-sub-103679/ds
",True,True,True,False,True,False,False,False,False
0,sub-104059,True,True,True,,,,True,True,True,,,,No Runtime Error,No OS Error,No Command Error,True,True,True,True,True,False,False,False,
0,sub-104235,True,True,True,,,,True,True,True,,,,No Runtime Error,No OS Error,No Command Error,True,True,True,True,True,False,False,False,
0,sub-104785,True,True,True,,,,True,True,True,,,,No Runtime Error,No OS Error,No Command Error,True,True,True,True,True,False,False,False,
0,sub-105168,True,True,True,,,,True,True,True,,,,No Runtime Error,No OS Error,No Command Error,True,True,True,True,True,False,False,False,
0,sub-105176,True,True,True,,,,True,True,True,,,,No Runtime Error,No OS Error,No Command Error,True,True,True,True,True,False,False,False,
0,sub-105309,True,True,True,,,,True,True,True,,,,No Runtime Error,No OS Error,No Command Error,True,True,True,True,True,False,False,False,
0,sub-105767,True,True,True,,,,True,True,True,,,,No Runtime Error,No OS Error,No Command Error,True,True,True,True,True,False,False,False,
0,sub-105860,True,True,True,,,,True,True,True,,,,No Runtime Error,No OS Error,No Command Error,True,True,True,True,True,False,False,False,
0,sub-105979,False,False,False,,,,False,False,False,,,,No Runtime Error,No OS Error,"CommandError: 'bash ./code/qsiprep_zip.sh sub-105979' failed with exitcode 1 under /scratch/grmpy/SGE_2523410/job-2523410-sub-105979/ds
",True,True,True,False,True,False,False,False,False
0,sub-106039,True,True,True,,,,True,True,True,,,,No Runtime Error,No OS Error,No Command Error,True,True,True,True,True,False,False,False,
0,sub-106071,False,False,False,,,,False,False,False,,,,No Runtime Error,No OS Error,"CommandError: 'bash ./code/qsiprep_zip.sh sub-106071' failed with exitcode 1 under /scratch/grmpy/SGE_2523412/job-2523412-sub-106071/ds
",True,True,True,False,True,False,False,False,False
0,sub-106246,True,True,True,,,,True,True,True,,,,No Runtime Error,No OS Error,No Command Error,True,True,True,True,True,False,False,False,
0,sub-106331,True,True,True,,,,True,True,True,,,,No Runtime Error,No OS Error,No Command Error,True,True,True,True,True,False,False,False,
0,sub-106802,True,True,True,,,,True,True,True,,,,No Runtime Error,No OS Error,No Command Error,True,True,True,True,True,False,False,False,
0,sub-106880,True,True,True,,,,True,True,True,,,,No Runtime Error,No OS Error,No Command Error,True,True,True,True,True,False,False,False,
0,sub-107055,True,True,True,,,,True,True,True,,,,No Runtime Error,No OS Error,No Command Error,True,True,True,True,True,False,False,False,
0,sub-108202,True,True,True,,,,True,True,True,,,,No Runtime Error,No OS Error,No Command Error,True,True,True,True,True,False,False,False,
0,sub-109521,True,True,True,,,,True,True,True,,,,No Runtime Error,No OS Error,No Command Error,True,True,True,True,True,False,False,False,
0,sub-109646,True,True,True,,,,True,True,True,,,,No Runtime Error,No OS Error,No Command Error,True,True,True,True,True,False,False,False,
0,sub-109735,True,True,True,,,,True,True,True,,,,No Runtime Error,No OS Error,No Command Error,True,True,True,True,True,False,False,False,
0,sub-110168,False,False,False,,,,False,False,False,,,,No Runtime Error,No OS Error,"CommandError: 'bash ./code/qsiprep_zip.sh sub-110168' failed with exitcode 1 under /scratch/grmpy/SGE_2523422/job-2523422-sub-110168/ds
",True,True,True,False,True,False,False,False,False
0,sub-110354,True,True,True,,,,True,True,True,,,,No Runtime Error,No OS Error,No Command Error,True,True,True,True,True,False,False,False,
0,sub-110828,True,True,True,,,,True,True,True,,,,No Runtime Error,No OS Error,No Command Error,True,True,True,True,True,False,False,False,
0,sub-112028,True,True,True,,,,True,True,True,,,,No Runtime Error,No OS Error,No Command Error,True,True,True,True,True,False,False,False,
0,sub-112061,False,False,False,,,,False,False,False,,,,No Runtime Error,No OS Error,"CommandError: 'bash ./code/qsiprep_zip.sh sub-112061' failed with exitcode 1 under /scratch/grmpy/SGE_2523426/job-2523426-sub-112061/ds
",True,True,True,False,True,False,False,False,False
0,sub-112126,False,False,False,,,,False,False,False,,,,No Runtime Error,No OS Error,"CommandError: 'bash ./code/qsiprep_zip.sh sub-112126' failed with exitcode 1 under /scratch/grmpy/SGE_2523427/job-2523427-sub-112126/ds
",True,True,True,False,True,False,False,False,False
0,sub-112249,True,True,True,,,,True,True,True,,,,No Runtime Error,No OS Error,No Command Error,True,True,True,True,True,False,False,False,
0,sub-112332,True,True,True,,,,True,True,True,,,,No Runtime Error,No OS Error,No Command Error,True,True,True,True,True,False,False,False,
0,sub-112694,True,True,True,,,,True,True,True,,,,No Runtime Error,No OS Error,No Command Error,True,True,True,True,True,False,False,False,
0,sub-113111,False,False,False,,,,False,False,False,,,,No Runtime Error,No OS Error,"CommandError: 'bash ./code/qsiprep_zip.sh sub-113111' failed with exitcode 1 under /scratch/grmpy/SGE_2523431/job-2523431-sub-113111/ds
",True,True,True,False,True,False,False,False,False
0,sub-114709,True,True,True,,,,True,True,True,,,,No Runtime Error,No OS Error,No Command Error,True,True,True,True,True,False,False,False,
0,sub-114713,False,False,False,,,,False,False,False,,,,No Runtime Error,No OS Error,"CommandError: 'bash ./code/qsiprep_zip.sh sub-114713' failed with exitcode 1 under /scratch/grmpy/SGE_2523433/job-2523433-sub-114713/ds
",True,True,True,False,True,False,False,False,False
0,sub-114723,True,True,True,,,,True,True,True,,,,No Runtime Error,No OS Error,No Command Error,True,True,True,True,True,False,False,False,
0,sub-114935,True,True,True,,,,True,True,True,,,,No Runtime Error,No OS Error,No Command Error,True,True,True,True,True,False,False,False,
0,sub-114990,False,False,False,,,,False,False,False,,,,No Runtime Error,No OS Error,"CommandError: 'bash ./code/qsiprep_zip.sh sub-114990' failed with exitcode 1 under /scratch/grmpy/SGE_2523436/job-2523436-sub-114990/ds
",True,True,True,False,True,False,False,False,False
0,sub-115800,True,True,True,,,,True,True,True,,,,No Runtime Error,No OS Error,No Command Error,True,True,True,True,True,False,False,False,
0,sub-116019,False,False,False,,,,False,False,False,,,,No Runtime Error,No OS Error,"CommandError: 'bash ./code/qsiprep_zip.sh sub-116019' failed with exitcode 1 under /scratch/grmpy/SGE_2523438/job-2523438-sub-116019/ds
",True,True,True,False,True,False,False,False,False
0,sub-116051,False,False,False,,,,False,False,False,,,,No Runtime Error,No OS Error,"CommandError: 'bash ./code/qsiprep_zip.sh sub-116051' failed with exitcode 1 under /scratch/grmpy/SGE_2523439/job-2523439-sub-116051/ds
",True,True,True,False,True,False,False,False,False
0,sub-116210,False,False,False,,,,False,False,False,,,,No Runtime Error,No OS Error,"CommandError: 'bash ./code/qsiprep_zip.sh sub-116210' failed with exitcode 1 under /scratch/grmpy/SGE_2523440/job-2523440-sub-116210/ds
",True,True,True,False,True,False,False,False,False
0,sub-116354,True,True,True,,,,True,True,True,,,,No Runtime Error,No OS Error,No Command Error,True,True,True,True,True,False,False,False,
0,sub-116360,False,False,False,,,,False,False,False,,,,No Runtime Error,No OS Error,"CommandError: 'bash ./code/qsiprep_zip.sh sub-116360' failed with exitcode 1 under /scratch/grmpy/SGE_2523442/job-2523442-sub-116360/ds
",True,True,True,False,True,False,False,False,False
0,sub-117226,False,False,False,,,,False,False,False,,,,No Runtime Error,No OS Error,"CommandError: 'bash ./code/qsiprep_zip.sh sub-117226' failed with exitcode 1 under /scratch/grmpy/SGE_2523443/job-2523443-sub-117226/ds
",True,True,True,False,True,False,False,False,False
0,sub-117397,True,True,True,,,,True,True,True,,,,No Runtime Error,No OS Error,No Command Error,True,True,True,True,True,False,False,False,
0,sub-118393,False,False,False,,,,False,False,False,,,,No Runtime Error,No OS Error,"CommandError: 'bash ./code/qsiprep_zip.sh sub-118393' failed with exitcode 1 under /scratch/grmpy/SGE_2523445/job-2523445-sub-118393/ds
",True,True,True,False,True,False,False,False,False
0,sub-118864,True,True,True,,,,True,True,True,,,,No Runtime Error,No OS Error,No Command Error,True,True,True,True,True,False,False,False,
0,sub-118990,True,True,True,,,,True,True,True,,,,No Runtime Error,No OS Error,No Command Error,True,True,True,True,True,False,False,False,
0,sub-119302,False,False,False,,,,False,False,False,,,,No Runtime Error,No OS Error,"CommandError: 'bash ./code/qsiprep_zip.sh sub-119302' failed with exitcode 1 under /scratch/grmpy/SGE_2523448/job-2523448-sub-119302/ds
",True,True,True,False,True,False,False,False,False
0,sub-119791,False,False,False,,,,False,False,False,,,,No Runtime Error,No OS Error,"CommandError: 'bash ./code/qsiprep_zip.sh sub-119791' failed with exitcode 1 under /scratch/grmpy/SGE_2523449/job-2523449-sub-119791/ds
",True,True,True,False,True,False,False,False,False
0,sub-120217,True,True,True,,,,True,True,True,,,,No Runtime Error,No OS Error,No Command Error,True,True,True,True,True,False,False,False,
0,sub-120562,True,True,True,,,,True,True,True,,,,No Runtime Error,No OS Error,No Command Error,True,True,True,True,True,False,False,False,
0,sub-121001,True,True,True,,,,True,True,True,,,,No Runtime Error,No OS Error,No Command Error,True,True,True,True,True,False,False,False,
0,sub-121050,True,True,True,,,,True,True,True,,,,No Runtime Error,No OS Error,No Command Error,True,True,True,True,True,False,False,False,
0,sub-121085,False,False,False,,,,False,False,False,,,,No Runtime Error,No OS Error,"CommandError: 'bash ./code/qsiprep_zip.sh sub-121085' failed with exitcode 1 under /scratch/grmpy/SGE_2523454/job-2523454-sub-121085/ds
",True,True,True,False,True,False,False,False,False
0,sub-121407,True,True,True,,,,True,True,True,,,,No Runtime Error,No OS Error,No Command Error,True,True,True,True,True,False,False,False,
0,sub-121476,False,False,False,,,,False,False,False,,,,No Runtime Error,No OS Error,"CommandError: 'bash ./code/qsiprep_zip.sh sub-121476' failed with exitcode 1 under /scratch/grmpy/SGE_2523456/job-2523456-sub-121476/ds
",True,True,True,False,True,False,False,False,False
0,sub-121670,True,True,True,,,,True,True,True,,,,No Runtime Error,No OS Error,No Command Error,True,True,True,True,True,False,False,False,
0,sub-122522,True,True,True,,,,True,True,True,,,,No Runtime Error,No OS Error,No Command Error,True,True,True,True,True,False,False,False,
0,sub-122528,True,True,True,,,,True,True,True,,,,No Runtime Error,No OS Error,No Command Error,True,True,True,True,True,False,False,False,
0,sub-122801,True,True,True,,,,True,True,True,,,,No Runtime Error,No OS Error,No Command Error,True,True,True,True,True,False,False,False,
0,sub-122916,False,False,False,,,,False,False,False,,,,No Runtime Error,No OS Error,"CommandError: 'bash ./code/qsiprep_zip.sh sub-122916' failed with exitcode 1 under /scratch/grmpy/SGE_2523461/job-2523461-sub-122916/ds
",True,True,True,False,True,False,False,False,False
0,sub-125511,True,True,True,,,,True,True,True,,,,No Runtime Error,No OS Error,No Command Error,True,True,True,True,True,False,False,False,
0,sub-125535,True,True,True,,,,True,True,True,,,,No Runtime Error,No OS Error,No Command Error,True,True,True,True,True,False,False,False,
0,sub-125554,False,False,False,,,,False,False,False,,,,No Runtime Error,No OS Error,"CommandError: 'bash ./code/qsiprep_zip.sh sub-125554' failed with exitcode 1 under /scratch/grmpy/SGE_2523464/job-2523464-sub-125554/ds
",True,True,True,False,True,False,False,False,False
0,sub-126176,True,True,True,,,,True,True,True,,,,No Runtime Error,No OS Error,No Command Error,True,True,True,True,True,False,False,False,
0,sub-126389,True,True,True,,,,True,True,True,,,,No Runtime Error,No OS Error,No Command Error,True,True,True,True,True,False,False,False,
0,sub-126554,True,True,True,,,,True,True,True,,,,No Runtime Error,No OS Error,No Command Error,True,True,True,True,True,False,False,False,
0,sub-126903,False,False,False,,,,False,False,False,,,,No Runtime Error,No OS Error,"CommandError: 'bash ./code/qsiprep_zip.sh sub-126903' failed with exitcode 1 under /scratch/grmpy/SGE_2523468/job-2523468-sub-126903/ds
",True,True,True,False,True,False,False,False,False
0,sub-126921,True,True,True,,,,True,True,True,,,,No Runtime Error,No OS Error,No Command Error,True,True,True,True,True,False,False,False,
0,sub-127008,True,True,True,,,,True,True,True,,,,No Runtime Error,No OS Error,No Command Error,True,True,True,True,True,False,False,False,
0,sub-127236,True,True,True,,,,True,True,True,,,,No Runtime Error,No OS Error,No Command Error,True,True,True,True,True,False,False,False,
0,sub-127305,True,True,True,,,,True,True,True,,,,No Runtime Error,No OS Error,No Command Error,True,True,True,True,True,False,False,False,
0,sub-127417,True,True,True,,,,True,True,True,,,,No Runtime Error,No OS Error,No Command Error,True,True,True,True,True,False,False,False,
0,sub-127542,False,False,False,,,,False,False,False,,,,No Runtime Error,No OS Error,"CommandError: 'bash ./code/qsiprep_zip.sh sub-127542' failed with exitcode 1 under /scratch/grmpy/SGE_2523474/job-2523474-sub-127542/ds
",True,True,True,False,True,False,False,False,False
0,sub-127611,True,True,True,,,,True,True,True,,,,No Runtime Error,No OS Error,No Command Error,True,True,True,True,True,False,False,False,
0,sub-128061,True,True,True,,,,True,True,True,,,,No Runtime Error,No OS Error,No Command Error,True,True,True,True,True,False,False,False,
0,sub-128154,True,True,True,,,,True,True,True,,,,No Runtime Error,No OS Error,No Command Error,True,True,True,True,True,False,False,False,
0,sub-129354,False,False,False,,,,False,False,False,,,,No Runtime Error,No OS Error,"CommandError: 'bash ./code/qsiprep_zip.sh sub-129354' failed with exitcode 1 under /scratch/grmpy/SGE_2523478/job-2523478-sub-129354/ds
",True,True,True,False,True,False,False,False,False
0,sub-129405,True,True,True,,,,True,True,True,,,,No Runtime Error,No OS Error,No Command Error,True,True,True,True,True,False,False,False,
0,sub-129552,True,True,True,,,,True,True,True,,,,No Runtime Error,No OS Error,No Command Error,True,True,True,True,True,False,False,False,
0,sub-129720,True,True,True,,,,True,True,True,,,,No Runtime Error,No OS Error,No Command Error,True,True,True,True,True,False,False,False,
0,sub-129886,True,True,True,,,,True,True,True,,,,No Runtime Error,No OS Error,No Command Error,True,True,True,True,True,False,False,False,
0,sub-129926,False,False,False,,,,False,False,False,,,,No Runtime Error,No OS Error,"CommandError: 'bash ./code/qsiprep_zip.sh sub-129926' failed with exitcode 1 under /scratch/grmpy/SGE_2523483/job-2523483-sub-129926/ds
",True,True,True,False,True,False,False,False,False
0,sub-130121,True,True,True,,,,True,True,True,,,,No Runtime Error,No OS Error,No Command Error,True,True,True,True,True,False,False,False,
0,sub-130211,False,False,False,,,,False,False,False,,,,No Runtime Error,No OS Error,"CommandError: 'bash ./code/qsiprep_zip.sh sub-130211' failed with exitcode 1 under /scratch/grmpy/SGE_2523485/job-2523485-sub-130211/ds
",True,True,True,False,True,False,False,False,False
0,sub-130687,True,True,True,,,,True,True,True,,,,No Runtime Error,No OS Error,No Command Error,True,True,True,True,True,False,False,False,
0,sub-130759,True,True,True,,,,True,True,True,,,,No Runtime Error,No OS Error,No Command Error,True,True,True,True,True,False,False,False,
0,sub-130896,False,False,False,,,,False,False,False,,,,No Runtime Error,No OS Error,"CommandError: 'bash ./code/qsiprep_zip.sh sub-130896' failed with exitcode 1 under /scratch/grmpy/SGE_2523488/job-2523488-sub-130896/ds
",True,True,True,False,True,False,False,False,False
0,sub-131224,True,True,True,,,,True,True,True,,,,No Runtime Error,No OS Error,No Command Error,True,True,True,True,True,False,False,False,
0,sub-131867,True,True,True,,,,True,True,True,,,,No Runtime Error,No OS Error,No Command Error,True,True,True,True,True,False,False,False,
0,sub-132179,True,True,True,,,,True,True,True,,,,No Runtime Error,No OS Error,No Command Error,True,True,True,True,True,False,False,False,
0,sub-132224,True,True,True,,,,True,True,True,,,,No Runtime Error,No OS Error,No Command Error,True,True,True,True,True,False,False,False,
0,sub-132657,True,True,True,,,,True,True,True,,,,No Runtime Error,No OS Error,No Command Error,True,True,True,True,True,False,False,False,
0,sub-133220,True,True,True,,,,True,True,True,,,,No Runtime Error,No OS Error,No Command Error,True,True,True,True,True,False,False,False,
0,sub-139272,False,False,False,,,,False,False,False,,,,No Runtime Error,No OS Error,"CommandError: 'bash ./code/qsiprep_zip.sh sub-139272' failed with exitcode 1 under /scratch/grmpy/SGE_2523495/job-2523495-sub-139272/ds
",True,True,True,False,True,False,False,False,False
0,sub-19977,True,True,True,,,,True,True,True,,,,No Runtime Error,No OS Error,No Command Error,True,True,True,True,True,False,False,False,
0,sub-19981,True,True,True,,,,True,True,True,,,,No Runtime Error,No OS Error,No Command Error,True,True,True,True,True,False,False,False,
0,sub-20011,True,True,True,,,,True,True,True,,,,No Runtime Error,No OS Error,No Command Error,True,True,True,True,True,False,False,False,
0,sub-20017,True,True,True,,,,True,True,True,,,,No Runtime Error,No OS Error,No Command Error,True,True,True,True,True,False,False,False,
0,sub-20120,True,True,True,,,,True,True,True,,,,No Runtime Error,No OS Error,No Command Error,True,True,True,True,True,False,False,False,
0,sub-20151,True,True,True,,,,True,True,True,,,,No Runtime Error,No OS Error,No Command Error,True,True,True,True,True,False,False,False,
0,sub-20153,True,True,True,,,,True,True,True,,,,No Runtime Error,No OS Error,No Command Error,True,True,True,True,True,False,False,False,
0,sub-20189,True,True,True,,,,True,True,True,,,,No Runtime Error,No OS Error,No Command Error,True,True,True,True,True,False,False,False,
0,sub-20197,True,True,True,,,,True,True,True,,,,No Runtime Error,No OS Error,No Command Error,True,True,True,True,True,False,False,False,
0,sub-20247,True,True,True,,,,True,True,True,,,,No Runtime Error,No OS Error,No Command Error,True,True,True,True,True,False,False,False,
0,sub-20313,True,True,True,,,,True,True,True,,,,No Runtime Error,No OS Error,No Command Error,True,True,True,True,True,False,False,False,
0,sub-20320,True,True,True,,,,True,True,True,,,,No Runtime Error,No OS Error,No Command Error,True,True,True,True,True,False,False,False,
0,sub-20322,True,True,True,,,,True,True,True,,,,No Runtime Error,No OS Error,No Command Error,True,True,True,True,True,False,False,False,
0,sub-20325,True,True,True,,,,True,True,True,,,,No Runtime Error,No OS Error,No Command Error,True,True,True,True,True,False,False,False,
0,sub-20326,True,True,True,,,,True,True,True,,,,No Runtime Error,No OS Error,No Command Error,True,True,True,True,True,False,False,False,
0,sub-20327,True,True,True,,,,True,True,True,,,,No Runtime Error,No OS Error,No Command Error,True,True,True,True,True,False,False,False,
0,sub-20362,True,True,True,,,,True,True,True,,,,No Runtime Error,No OS Error,No Command Error,True,True,True,True,True,False,False,False,
0,sub-20386,True,True,True,,,,True,True,True,,,,No Runtime Error,No OS Error,No Command Error,True,True,True,True,True,False,False,False,
0,sub-20387,True,True,True,,,,True,True,True,,,,No Runtime Error,No OS Error,No Command Error,True,True,True,True,True,False,False,False,
0,sub-20461,True,True,True,,,,True,True,True,,,,No Runtime Error,No OS Error,No Command Error,True,True,True,True,True,False,False,False,
0,sub-20589,True,True,True,,,,True,True,True,,,,No Runtime Error,No OS Error,No Command Error,True,True,True,True,True,False,False,False,
0,sub-20649,True,True,True,,,,True,True,True,,,,No Runtime Error,No OS Error,No Command Error,True,True,True,True,True,False,False,False,
0,sub-20699,True,True,True,,,,True,True,True,,,,No Runtime Error,No OS Error,No Command Error,True,True,True,True,True,False,False,False,
0,sub-20809,True,True,True,,,,True,True,True,,,,No Runtime Error,No OS Error,No Command Error,True,True,True,True,True,False,False,False,
0,sub-20888,True,True,True,,,,True,True,True,,,,No Runtime Error,No OS Error,No Command Error,True,True,True,True,True,False,False,False,
0,sub-20940,True,True,True,,,,True,True,True,,,,No Runtime Error,No OS Error,No Command Error,True,True,True,True,True,False,False,False,
0,sub-20941,True,True,True,,,,True,True,True,,,,No Runtime Error,No OS Error,No Command Error,True,True,True,True,True,False,False,False,
0,sub-20949,True,True,True,,,,True,True,True,,,,No Runtime Error,No OS Error,No Command Error,True,True,True,True,True,False,False,False,
0,sub-20963,True,True,True,,,,True,True,True,,,,No Runtime Error,No OS Error,No Command Error,True,True,True,True,True,False,False,False,
0,sub-20974,True,True,True,,,,True,True,True,,,,No Runtime Error,No OS Error,No Command Error,True,True,True,True,True,False,False,False,
0,sub-20981,True,True,True,,,,True,True,True,,,,No Runtime Error,No OS Error,No Command Error,True,True,True,True,True,False,False,False,
0,sub-21016,True,True,True,,,,True,True,True,,,,No Runtime Error,No OS Error,No Command Error,True,True,True,True,True,False,False,False,
0,sub-21056,True,True,True,,,,True,True,True,,,,No Runtime Error,No OS Error,No Command Error,True,True,True,True,True,False,False,False,
0,sub-21059,True,True,True,,,,True,True,True,,,,No Runtime Error,No OS Error,No Command Error,True,True,True,True,True,False,False,False,
0,sub-21085,True,True,True,,,,True,True,True,,,,No Runtime Error,No OS Error,No Command Error,True,True,True,True,True,False,False,False,
0,sub-80557,True,True,True,,,,True,True,True,,,,No Runtime Error,No OS Error,No Command Error,True,True,True,True,True,False,False,False,
0,sub-80688,True,True,True,,,,True,True,True,,,,No Runtime Error,No OS Error,No Command Error,True,True,True,True,True,False,False,False,
0,sub-81725,True,True,True,,,,True,True,True,,,,No Runtime Error,No OS Error,No Command Error,True,True,True,True,True,False,False,False,
0,sub-81760,True,True,True,,,,True,True,True,,,,No Runtime Error,No OS Error,No Command Error,True,True,True,True,True,False,False,False,
0,sub-82051,False,False,False,,,,False,False,False,,,,No Runtime Error,No OS Error,"CommandError: 'bash ./code/qsiprep_zip.sh sub-82051' failed with exitcode 1 under /scratch/grmpy/SGE_2523535/job-2523535-sub-82051/ds
",True,True,True,False,True,False,False,False,False
0,sub-82063,False,False,False,,,,False,False,False,,,,No Runtime Error,No OS Error,"CommandError: 'bash ./code/qsiprep_zip.sh sub-82063' failed with exitcode 1 under /scratch/grmpy/SGE_2523536/job-2523536-sub-82063/ds
",True,True,True,False,True,False,False,False,False
0,sub-82492,False,False,False,,,,False,False,False,,,,No Runtime Error,No OS Error,"CommandError: 'bash ./code/qsiprep_zip.sh sub-82492' failed with exitcode 1 under /scratch/grmpy/SGE_2523537/job-2523537-sub-82492/ds
",True,True,True,False,True,False,False,False,False
0,sub-82790,False,False,False,,,,False,False,False,,,,No Runtime Error,No OS Error,"CommandError: 'bash ./code/qsiprep_zip.sh sub-82790' failed with exitcode 1 under /scratch/grmpy/SGE_2523538/job-2523538-sub-82790/ds
",True,True,True,False,True,False,False,False,False
0,sub-83010,False,False,False,,,,False,False,False,,,,No Runtime Error,No OS Error,"CommandError: 'bash ./code/qsiprep_zip.sh sub-83010' failed with exitcode 1 under /scratch/grmpy/SGE_2523539/job-2523539-sub-83010/ds
",True,True,True,False,True,False,False,False,False
0,sub-83372,True,True,True,,,,True,True,True,,,,No Runtime Error,No OS Error,No Command Error,True,True,True,True,True,False,False,False,
0,sub-83454,True,True,True,,,,True,True,True,,,,No Runtime Error,No OS Error,No Command Error,True,True,True,True,True,False,False,False,
0,sub-83835,True,True,True,,,,True,True,True,,,,No Runtime Error,No OS Error,No Command Error,True,True,True,True,True,False,False,False,
0,sub-83999,False,False,False,,,,False,False,False,,,,No Runtime Error,No OS Error,"CommandError: 'bash ./code/qsiprep_zip.sh sub-83999' failed with exitcode 1 under /scratch/grmpy/SGE_2523543/job-2523543-sub-83999/ds
",True,True,True,False,True,False,False,False,False
0,sub-84103,False,False,False,,,,False,False,False,,,,No Runtime Error,No OS Error,"CommandError: 'bash ./code/qsiprep_zip.sh sub-84103' failed with exitcode 1 under /scratch/grmpy/SGE_2523544/job-2523544-sub-84103/ds
",True,True,True,False,True,False,False,False,False
0,sub-84354,True,True,True,,,,True,True,True,,,,No Runtime Error,No OS Error,No Command Error,True,True,True,True,True,False,False,False,
0,sub-84688,True,True,True,,,,True,True,True,,,,No Runtime Error,No OS Error,No Command Error,True,True,True,True,True,False,False,False,
0,sub-84761,True,True,True,,,,True,True,True,,,,No Runtime Error,No OS Error,No Command Error,True,True,True,True,True,False,False,False,
0,sub-84973,False,False,False,,,,False,False,False,,,,No Runtime Error,No OS Error,"CommandError: 'bash ./code/qsiprep_zip.sh sub-84973' failed with exitcode 1 under /scratch/grmpy/SGE_2523548/job-2523548-sub-84973/ds
",True,True,True,False,True,False,False,False,False
0,sub-85083,True,True,True,,,,True,True,True,,,,No Runtime Error,No OS Error,No Command Error,True,True,True,True,True,False,False,False,
0,sub-85173,False,False,False,,,,False,False,False,,,,No Runtime Error,No OS Error,"CommandError: 'bash ./code/qsiprep_zip.sh sub-85173' failed with exitcode 1 under /scratch/grmpy/SGE_2523550/job-2523550-sub-85173/ds
",True,True,True,False,True,False,False,False,False
0,sub-85369,True,True,True,,,,True,True,True,,,,No Runtime Error,No OS Error,No Command Error,True,True,True,True,True,False,False,False,
0,sub-85743,True,True,True,,,,True,True,True,,,,No Runtime Error,No OS Error,No Command Error,True,True,True,True,True,False,False,False,
0,sub-85853,False,False,False,,,,False,False,False,,,,No Runtime Error,No OS Error,"CommandError: 'bash ./code/qsiprep_zip.sh sub-85853' failed with exitcode 1 under /scratch/grmpy/SGE_2523553/job-2523553-sub-85853/ds
",True,True,True,False,True,False,False,False,False
0,sub-86287,False,False,False,,,,False,False,False,,,,No Runtime Error,No OS Error,"CommandError: 'bash ./code/qsiprep_zip.sh sub-86287' failed with exitcode 1 under /scratch/grmpy/SGE_2523554/job-2523554-sub-86287/ds
",True,True,True,False,True,False,False,False,False
0,sub-86350,False,False,False,,,,False,False,False,,,,No Runtime Error,No OS Error,"CommandError: 'bash ./code/qsiprep_zip.sh sub-86350' failed with exitcode 1 under /scratch/grmpy/SGE_2523555/job-2523555-sub-86350/ds
",True,True,True,False,True,False,False,False,False
0,sub-86444,False,False,False,,,,False,False,False,,,,No Runtime Error,No OS Error,"CommandError: 'bash ./code/qsiprep_zip.sh sub-86444' failed with exitcode 1 under /scratch/grmpy/SGE_2523556/job-2523556-sub-86444/ds
",True,True,True,False,True,False,False,False,False
0,sub-86486,True,True,True,,,,True,True,True,,,,No Runtime Error,No OS Error,No Command Error,True,True,True,True,True,False,False,False,
0,sub-86722,True,True,True,,,,True,True,True,,,,No Runtime Error,No OS Error,No Command Error,True,True,True,True,True,False,False,False,
0,sub-86924,False,False,False,,,,False,False,False,,,,No Runtime Error,No OS Error,"CommandError: 'bash ./code/qsiprep_zip.sh sub-86924' failed with exitcode 1 under /scratch/grmpy/SGE_2523559/job-2523559-sub-86924/ds
",True,True,True,False,True,False,False,False,False
0,sub-86972,True,True,True,,,,True,True,True,,,,No Runtime Error,No OS Error,No Command Error,True,True,True,True,True,False,False,False,
0,sub-87135,False,False,False,,,,False,False,False,,,,No Runtime Error,No OS Error,"CommandError: 'bash ./code/qsiprep_zip.sh sub-87135' failed with exitcode 1 under /scratch/grmpy/SGE_2523561/job-2523561-sub-87135/ds
",True,True,True,False,True,False,False,False,False
0,sub-87346,True,True,True,,,,True,True,True,,,,No Runtime Error,No OS Error,No Command Error,True,True,True,True,True,False,False,False,
0,sub-87445,True,True,True,,,,True,True,True,,,,No Runtime Error,No OS Error,No Command Error,True,True,True,True,True,False,False,False,
0,sub-87457,False,False,False,,,,False,False,False,,,,No Runtime Error,No OS Error,"CommandError: 'bash ./code/qsiprep_zip.sh sub-87457' failed with exitcode 1 under /scratch/grmpy/SGE_2523564/job-2523564-sub-87457/ds
",True,True,True,False,True,False,False,False,False
0,sub-87538,False,False,False,,,,False,False,False,,,,No Runtime Error,No OS Error,"CommandError: 'bash ./code/qsiprep_zip.sh sub-87538' failed with exitcode 1 under /scratch/grmpy/SGE_2523565/job-2523565-sub-87538/ds
",True,True,True,False,True,False,False,False,False
0,sub-87563,True,True,True,,,,True,True,True,,,,No Runtime Error,No OS Error,No Command Error,True,True,True,True,True,False,False,False,
0,sub-87601,True,True,True,,,,True,True,True,,,,No Runtime Error,No OS Error,No Command Error,True,True,True,True,True,False,False,False,
0,sub-87646,True,True,True,,,,True,True,True,,,,No Runtime Error,No OS Error,No Command Error,True,True,True,True,True,False,False,False,
0,sub-87804,False,False,False,,,,False,False,False,,,,No Runtime Error,No OS Error,"CommandError: 'bash ./code/qsiprep_zip.sh sub-87804' failed with exitcode 1 under /scratch/grmpy/SGE_2523569/job-2523569-sub-87804/ds
",True,True,True,False,True,False,False,False,False
0,sub-87990,False,False,False,,,,False,False,False,,,,No Runtime Error,No OS Error,"CommandError: 'bash ./code/qsiprep_zip.sh sub-87990' failed with exitcode 1 under /scratch/grmpy/SGE_2523570/job-2523570-sub-87990/ds
",True,True,True,False,True,False,False,False,False
0,sub-88209,False,False,False,,,,False,False,False,,,,No Runtime Error,No OS Error,"CommandError: 'bash ./code/qsiprep_zip.sh sub-88209' failed with exitcode 1 under /scratch/grmpy/SGE_2523571/job-2523571-sub-88209/ds
",True,True,True,False,True,False,False,False,False
0,sub-88402,True,True,True,,,,True,True,True,,,,No Runtime Error,No OS Error,No Command Error,True,True,True,True,True,False,False,False,
0,sub-88589,True,True,True,,,,True,True,True,,,,No Runtime Error,No OS Error,No Command Error,True,True,True,True,True,False,False,False,
0,sub-88608,True,True,True,,,,True,True,True,,,,No Runtime Error,No OS Error,No Command Error,True,True,True,True,True,False,False,False,
0,sub-88760,True,True,True,,,,True,True,True,,,,No Runtime Error,No OS Error,No Command Error,True,True,True,True,True,False,False,False,
0,sub-88770,True,True,True,,,,True,True,True,,,,No Runtime Error,No OS Error,No Command Error,True,True,True,True,True,False,False,False,
0,sub-88773,False,False,False,,,,False,False,False,,,,No Runtime Error,No OS Error,"CommandError: 'bash ./code/qsiprep_zip.sh sub-88773' failed with exitcode 1 under /scratch/grmpy/SGE_2523577/job-2523577-sub-88773/ds
",True,True,True,False,True,False,False,False,False
0,sub-89279,True,True,True,,,,True,True,True,,,,No Runtime Error,No OS Error,No Command Error,True,True,True,True,True,False,False,False,
0,sub-89377,True,True,True,,,,True,True,True,,,,No Runtime Error,No OS Error,No Command Error,True,True,True,True,True,False,False,False,
0,sub-90021,True,True,True,,,,True,True,True,,,,No Runtime Error,No OS Error,No Command Error,True,True,True,True,True,False,False,False,
0,sub-90060,True,True,True,,,,True,True,True,,,,No Runtime Error,No OS Error,No Command Error,True,True,True,True,True,False,False,False,
0,sub-90077,True,True,True,,,,True,True,True,,,,No Runtime Error,No OS Error,No Command Error,True,True,True,True,True,False,False,False,
0,sub-90262,True,True,True,,,,True,True,True,,,,No Runtime Error,No OS Error,No Command Error,True,True,True,True,True,False,False,False,
0,sub-90281,True,True,True,,,,True,True,True,,,,No Runtime Error,No OS Error,No Command Error,True,True,True,True,True,False,False,False,
0,sub-90683,True,True,True,,,,True,True,True,,,,No Runtime Error,No OS Error,No Command Error,True,True,True,True,True,False,False,False,
0,sub-91717,True,True,True,,,,True,True,True,,,,No Runtime Error,No OS Error,No Command Error,True,True,True,True,True,False,False,False,
0,sub-91919,True,True,True,,,,True,True,True,,,,No Runtime Error,No OS Error,No Command Error,True,True,True,True,True,False,False,False,
0,sub-91962,True,True,True,,,,True,True,True,,,,No Runtime Error,No OS Error,No Command Error,True,True,True,True,True,False,False,False,
0,sub-92089,True,True,True,,,,True,True,True,,,,No Runtime Error,No OS Error,No Command Error,True,True,True,True,True,False,False,False,
0,sub-92182,True,True,True,,,,True,True,True,,,,No Runtime Error,No OS Error,No Command Error,True,True,True,True,True,False,False,False,
0,sub-92193,True,True,True,,,,True,True,True,,,,No Runtime Error,No OS Error,No Command Error,True,True,True,True,True,False,False,False,
0,sub-92211,False,False,False,,,,False,False,False,,,,No Runtime Error,No OS Error,No Command Error,True,True,True,False,True,False,False,False,False
0,sub-92554,True,True,True,,,,True,True,True,,,,No Runtime Error,No OS Error,No Command Error,True,True,True,True,True,False,False,False,
0,sub-92927,True,True,True,,,,True,True,True,,,,No Runtime Error,No OS Error,No Command Error,True,True,True,True,True,False,False,False,
0,sub-93051,True,True,True,,,,True,True,True,,,,No Runtime Error,No OS Error,No Command Error,True,True,True,True,True,False,False,False,
0,sub-93169,False,False,False,,,,False,False,False,,,,No Runtime Error,No OS Error,"CommandError: 'bash ./code/qsiprep_zip.sh sub-93169' failed with exitcode 1 under /scratch/grmpy/SGE_2523596/job-2523596-sub-93169/ds
",True,True,True,False,True,False,False,False,False
0,sub-93274,True,True,True,,,,True,True,True,,,,No Runtime Error,No OS Error,No Command Error,True,True,True,True,True,False,False,False,
0,sub-93278,True,True,True,,,,True,True,True,,,,No Runtime Error,No OS Error,No Command Error,True,True,True,True,True,False,False,False,
0,sub-93292,True,True,True,,,,True,True,True,,,,No Runtime Error,No OS Error,No Command Error,True,True,True,True,True,False,False,False,
0,sub-93406,True,True,True,,,,True,True,True,,,,No Runtime Error,No OS Error,No Command Error,True,True,True,True,True,False,False,False,
0,sub-93517,True,True,True,,,,True,True,True,,,,No Runtime Error,No OS Error,No Command Error,True,True,True,True,True,False,False,False,
0,sub-93549,True,True,True,,,,True,True,True,,,,No Runtime Error,No OS Error,No Command Error,True,True,True,True,True,False,False,False,
0,sub-93723,True,True,True,,,,True,True,True,,,,No Runtime Error,No OS Error,No Command Error,True,True,True,True,True,False,False,False,
0,sub-93734,False,False,False,,,,False,False,False,,,,No Runtime Error,No OS Error,"CommandError: 'bash ./code/qsiprep_zip.sh sub-93734' failed with exitcode 1 under /scratch/grmpy/SGE_2523604/job-2523604-sub-93734/ds
",True,True,True,False,True,False,False,False,False
0,sub-93787,True,True,True,,,,True,True,True,,,,No Runtime Error,No OS Error,No Command Error,True,True,True,True,True,False,False,False,
0,sub-93856,False,False,False,,,,False,False,False,,,,No Runtime Error,No OS Error,"CommandError: 'bash ./code/qsiprep_zip.sh sub-93856' failed with exitcode 1 under /scratch/grmpy/SGE_2523606/job-2523606-sub-93856/ds
",True,True,True,False,True,False,False,False,False
0,sub-94276,True,True,True,,,,True,True,True,,,,No Runtime Error,No OS Error,No Command Error,True,True,True,True,True,False,False,False,
0,sub-94492,True,True,True,,,,True,True,True,,,,No Runtime Error,No OS Error,No Command Error,True,True,True,True,True,False,False,False,
0,sub-94848,True,True,True,,,,True,True,True,,,,No Runtime Error,No OS Error,No Command Error,True,True,True,True,True,False,False,False,
0,sub-95015,True,True,True,,,,True,True,True,,,,No Runtime Error,No OS Error,No Command Error,True,True,True,True,True,False,False,False,
0,sub-95057,True,True,True,,,,True,True,True,,,,No Runtime Error,No OS Error,No Command Error,True,True,True,True,True,False,False,False,
0,sub-95116,True,True,True,,,,True,True,True,,,,No Runtime Error,No OS Error,No Command Error,True,True,True,True,True,False,False,False,
0,sub-95257,True,True,True,,,,True,True,True,,,,No Runtime Error,No OS Error,No Command Error,True,True,True,True,True,False,False,False,
0,sub-95460,True,True,True,,,,True,True,True,,,,No Runtime Error,No OS Error,No Command Error,True,True,True,True,True,False,False,False,
0,sub-96659,True,True,True,,,,True,True,True,,,,No Runtime Error,No OS Error,No Command Error,True,True,True,True,True,False,False,False,
0,sub-97092,True,True,True,,,,True,True,True,,,,No Runtime Error,No OS Error,No Command Error,True,True,True,True,True,False,False,False,
0,sub-97271,True,True,True,,,,True,True,True,,,,No Runtime Error,No OS Error,No Command Error,True,True,True,True,True,False,False,False,
0,sub-97485,True,True,True,,,,True,True,True,,,,No Runtime Error,No OS Error,No Command Error,True,True,True,True,True,False,False,False,
0,sub-97994,True,True,True,,,,True,True,True,,,,No Runtime Error,No OS Error,No Command Error,True,True,True,True,True,False,False,False,
0,sub-98314,True,True,True,,,,True,True,True,,,,No Runtime Error,No OS Error,No Command Error,True,True,True,True,True,False,False,False,
0,sub-98394,False,False,False,,,,False,False,False,,,,No Runtime Error,No OS Error,"CommandError: 'bash ./code/qsiprep_zip.sh sub-98394' failed with exitcode 1 under /scratch/grmpy/SGE_2523621/job-2523621-sub-98394/ds
",True,True,True,False,True,False,False,False,False
0,sub-98422,True,True,True,,,,True,True,True,,,,No Runtime Error,No OS Error,No Command Error,True,True,True,True,True,False,False,False,
0,sub-98535,True,True,True,,,,True,True,True,,,,No Runtime Error,No OS Error,No Command Error,True,True,True,True,True,False,False,False,
0,sub-98567,True,True,True,,,,True,True,True,,,,No Runtime Error,No OS Error,No Command Error,True,True,True,True,True,False,False,False,
0,sub-98831,False,False,False,,,,False,False,False,,,,No Runtime Error,No OS Error,"CommandError: 'bash ./code/qsiprep_zip.sh sub-98831' failed with exitcode 1 under /scratch/grmpy/SGE_2523625/job-2523625-sub-98831/ds
",True,True,True,False,True,False,False,False,False
0,sub-98871,True,True,True,,,,True,True,True,,,,No Runtime Error,No OS Error,No Command Error,True,True,True,True,True,False,False,False,
0,sub-99352,True,True,True,,,,True,True,True,,,,No Runtime Error,No OS Error,No Command Error,True,True,True,True,True,False,False,False,
0,sub-99604,True,True,True,,,,True,True,True,,,,No Runtime Error,No OS Error,No Command Error,True,True,True,True,True,False,False,False,
0,sub-99949,True,True,True,,,,True,True,True,,,,No Runtime Error,No OS Error,No Command Error,True,True,True,True,True,False,False,False,
0,sub-99964,False,False,False,,,,False,False,False,,,,No Runtime Error,No OS Error,"CommandError: 'bash ./code/qsiprep_zip.sh sub-99964' failed with exitcode 1 under /scratch/grmpy/SGE_2523630/job-2523630-sub-99964/ds
",True,True,True,False,True,False,False,False,False
